{
  "molpath": "hamiltonians/H4/H4_linear_d1.0890.chk",
  "parity": "hamiltonians/H4/LNE_2_out_of_8_so.txt",
  "seniority": false,
  "reference": "fci",
  "cost_function": "switching_sector",
  "x0": null,
  "fixed_sector": null,
  "optimizer_maxiter": 100,
  "sector_switch_maxiter": 5,
  "verbose": false,
  "outname": null,
  "output_fcidump": null,
  "orbene_npy": null,
  "cost_before": -2.091909897393231,
  "cost_after": -2.0933726977792215,
  "converged": true,
  "nit": 3,
  "nfev": 35,
  "elapsed": 3.135082960128784,
  "message": "CONVERGENCE: NORM OF PROJECTED GRADIENT <= PGTOL",
  "switching_history": [
    {
      "start_sector": [
        1,
        1
      ],
      "start_energy": -2.091909897393231,
      "optimized_energy": -2.0933726977792215,
      "best_sector_after_rescan": [
        1,
        1
      ],
      "best_energy_after_rescan": -2.0933726977792215
    }
  ],
  "rotation": [
    7.142145310129335e-08,
    -0.035051358367883534,
    -1.81978476449942e-07,
    1.273585944191548e-07,
    4.653703878250548e-08,
    3.323977952733091e-08
  ]
}