{
  "args": {
    "input_data": "./oo_h4/OO_H4_linear_d1.0890.chk_20260709_150700_e2be01.json",
    "states_per_sector": 500,
    "check_if_enough": false,
    "coupled_energy_method": "reference"
  },
  "OO_data": {
    "molpath": "hamiltonians/H4/H4_linear_d1.0890.chk",
    "parity": "hamiltonians/H4/LNE_2_out_of_8_so.txt",
    "seniority": false,
    "reference": "fci",
    "cost_function": "variance",
    "x0": null,
    "fixed_sector": null,
    "optimizer_maxiter": 100,
    "sector_switch_maxiter": 5,
    "verbose": false,
    "outname": null,
    "output_fcidump": null,
    "orbene_npy": null,
    "cost_before": 0.18285644234838094,
    "cost_after": 0.18261988067635948,
    "converged": true,
    "nit": 2,
    "nfev": 28,
    "elapsed": 0.04557013511657715,
    "message": "CONVERGENCE: NORM OF PROJECTED GRADIENT <= PGTOL",
    "rotation": [
      -6.851644494919974e-08,
      -0.0058308408222798366,
      6.525375709447594e-09,
      -8.441955262336215e-09,
      -8.085410730427812e-09,
      -1.9504818221961096e-08
    ]
  },
  "E_FCI": -2.141545844719291,
  "E_decoupled": -2.092358375745321,
  "dE": 0.049187468973970194,
  "K": 11,
  "sector_eigenstates": [
    [
      [
        1,
        1
      ],
      0
    ],
    [
      [
        0,
        1
      ],
      5
    ],
    [
      [
        1,
        0
      ],
      5
    ],
    [
      [
        1,
        0
      ],
      4
    ],
    [
      [
        0,
        1
      ],
      4
    ],
    [
      [
        0,
        0
      ],
      5
    ],
    [
      [
        0,
        0
      ],
      0
    ],
    [
      [
        0,
        0
      ],
      4
    ],
    [
      [
        1,
        1
      ],
      5
    ],
    [
      [
        1,
        0
      ],
      8
    ],
    [
      [
        0,
        1
      ],
      8
    ]
  ],
  "relevant_sectors": [
    [
      0,
      1
    ],
    [
      1,
      0
    ],
    [
      1,
      1
    ],
    [
      0,
      0
    ]
  ],
  "relevant_sectors_count": 4,
  "relevant_sectors_total_dim": 36
}