{
  "args": {
    "input_data": "./oo_h4_/OO_H4_linear_d2.5560.chk_20260709_155624_52c969.json",
    "states_per_sector": 500,
    "check_if_enough": false,
    "coupled_energy_method": "reference"
  },
  "OO_data": {
    "molpath": "hamiltonians/H4/H4_linear_d2.5560.chk",
    "parity": "hamiltonians/H4/LNE_2_out_of_8_so.txt",
    "seniority": false,
    "reference": "fci",
    "cost_function": "NC",
    "x0": null,
    "fixed_sector": null,
    "optimizer_maxiter": 100,
    "sector_switch_maxiter": 5,
    "verbose": false,
    "outname": null,
    "output_fcidump": null,
    "orbene_npy": null,
    "cost_before": 0.7257833762419705,
    "cost_after": 0.43486139359925463,
    "converged": true,
    "nit": 3,
    "nfev": 49,
    "elapsed": 3.2560501098632812,
    "message": "CONVERGENCE: NORM OF PROJECTED GRADIENT <= PGTOL",
    "rotation": [
      2.165948022394925e-07,
      -0.6816929422968341,
      2.6163931789183015e-07,
      1.5598003686040227e-07,
      -5.989618911969206e-08,
      -7.378108795116725e-08
    ]
  },
  "E_FCI": -1.8711680598733103,
  "E_decoupled": -1.8640645228697958,
  "dE": 0.007103537003514404,
  "K": 6,
  "sector_eigenstates": [
    [
      [
        1,
        1
      ],
      0
    ],
    [
      [
        0,
        0
      ],
      0
    ],
    [
      [
        1,
        0
      ],
      0
    ],
    [
      [
        0,
        1
      ],
      0
    ],
    [
      [
        0,
        1
      ],
      2
    ],
    [
      [
        1,
        0
      ],
      2
    ]
  ],
  "relevant_sectors": [
    [
      1,
      0
    ],
    [
      0,
      1
    ],
    [
      1,
      1
    ],
    [
      0,
      0
    ]
  ],
  "relevant_sectors_count": 4,
  "relevant_sectors_total_dim": 36
}