{
  "args": {
    "input_data": "./oo_h4_/OO_H4_linear_d2.5560.chk_20260709_155527_622295.json",
    "states_per_sector": 500,
    "check_if_enough": false,
    "coupled_energy_method": "reference"
  },
  "OO_data": {
    "molpath": "hamiltonians/H4/H4_linear_d2.5560.chk",
    "parity": "hamiltonians/H4/parity_4_sens.txt",
    "seniority": false,
    "reference": "hf",
    "cost_function": "NC",
    "x0": null,
    "fixed_sector": null,
    "optimizer_maxiter": 100,
    "sector_switch_maxiter": 5,
    "verbose": false,
    "outname": null,
    "output_fcidump": null,
    "orbene_npy": null,
    "cost_before": 1.183724597624885,
    "cost_after": 0.21811134088996648,
    "converged": true,
    "nit": 4,
    "nfev": 42,
    "elapsed": 2.653830051422119,
    "message": "CONVERGENCE: NORM OF PROJECTED GRADIENT <= PGTOL",
    "rotation": [
      1.1194730212717783e-07,
      -0.6548821325751736,
      -3.585196859589864e-08,
      -1.49814437387431e-08,
      -0.6546046543311331,
      1.1182884438170937e-07
    ]
  },
  "E_FCI": -1.8711680598733103,
  "E_decoupled": -1.8654389074672646,
  "dE": 0.005729152406045657,
  "K": 5,
  "sector_eigenstates": [
    [
      [
        0,
        0,
        0,
        0
      ],
      0
    ],
    [
      [
        1,
        1,
        1,
        1
      ],
      2
    ],
    [
      [
        1,
        0,
        1,
        0
      ],
      1
    ],
    [
      [
        0,
        1,
        0,
        1
      ],
      1
    ],
    [
      [
        0,
        1,
        0,
        1
      ],
      3
    ]
  ],
  "relevant_sectors": [
    [
      0,
      1,
      0,
      1
    ],
    [
      1,
      0,
      1,
      0
    ],
    [
      1,
      1,
      1,
      1
    ],
    [
      0,
      0,
      0,
      0
    ]
  ],
  "relevant_sectors_count": 4,
  "relevant_sectors_total_dim": 20
}