{
  "args": {
    "input_data": "./oo_h4_/OO_H4_linear_d2.5560.chk_20260709_155638_fe747a.json",
    "states_per_sector": 500,
    "check_if_enough": false,
    "coupled_energy_method": "reference"
  },
  "OO_data": {
    "molpath": "hamiltonians/H4/H4_linear_d2.5560.chk",
    "parity": "hamiltonians/H4/LNE_2_out_of_8_so.txt",
    "seniority": false,
    "reference": "fci",
    "cost_function": "fixed_sector",
    "x0": null,
    "fixed_sector": null,
    "optimizer_maxiter": 100,
    "sector_switch_maxiter": 5,
    "verbose": false,
    "outname": null,
    "output_fcidump": null,
    "orbene_npy": null,
    "cost_before": -1.5639301715635074,
    "cost_after": -1.8640677150293938,
    "converged": true,
    "nit": 3,
    "nfev": 49,
    "elapsed": 4.213226079940796,
    "message": "CONVERGENCE: NORM OF PROJECTED GRADIENT <= PGTOL",
    "rotation": [
      -1.8701065018703073e-07,
      -0.680077990485618,
      -5.447065599528907e-07,
      -3.3444746924907545e-07,
      -6.108365995228206e-08,
      -3.5748879048157895e-07
    ]
  },
  "E_FCI": -1.8711680598733103,
  "E_decoupled": -1.8640677150293943,
  "dE": 0.007100344843915973,
  "K": 6,
  "sector_eigenstates": [
    [
      [
        1,
        1
      ],
      0
    ],
    [
      [
        0,
        0
      ],
      0
    ],
    [
      [
        1,
        0
      ],
      0
    ],
    [
      [
        0,
        1
      ],
      0
    ],
    [
      [
        0,
        1
      ],
      2
    ],
    [
      [
        1,
        0
      ],
      2
    ]
  ],
  "relevant_sectors": [
    [
      1,
      0
    ],
    [
      0,
      1
    ],
    [
      1,
      1
    ],
    [
      0,
      0
    ]
  ],
  "relevant_sectors_count": 4,
  "relevant_sectors_total_dim": 36
}