{
  "args": {
    "input_data": "./oo_h4/OO_H4_linear_d1.0890.chk_20260709_150642_49a6fc.json",
    "states_per_sector": 500,
    "check_if_enough": false,
    "coupled_energy_method": "reference"
  },
  "OO_data": {
    "molpath": "hamiltonians/H4/H4_linear_d1.0890.chk",
    "parity": "hamiltonians/H4/LNE_2_out_of_8_so.txt",
    "seniority": false,
    "reference": "hf",
    "cost_function": "decoupled",
    "x0": null,
    "fixed_sector": null,
    "optimizer_maxiter": 100,
    "sector_switch_maxiter": 5,
    "verbose": false,
    "outname": null,
    "output_fcidump": null,
    "orbene_npy": null,
    "cost_before": -2.091909897393231,
    "cost_after": -2.0933726977793694,
    "converged": true,
    "nit": 4,
    "nfev": 42,
    "elapsed": 3.8279929161071777,
    "message": "CONVERGENCE: NORM OF PROJECTED GRADIENT <= PGTOL",
    "rotation": [
      -1.2645283906300578e-07,
      -0.03505165826569263,
      8.898391661621357e-08,
      -4.048683179462039e-08,
      -2.0971766077953356e-07,
      -1.913417439469377e-08
    ]
  },
  "E_FCI": -2.141545844719291,
  "E_decoupled": -2.093372697779371,
  "dE": 0.04817314693992003,
  "K": 12,
  "sector_eigenstates": [
    [
      [
        1,
        1
      ],
      0
    ],
    [
      [
        0,
        1
      ],
      4
    ],
    [
      [
        1,
        0
      ],
      4
    ],
    [
      [
        0,
        1
      ],
      5
    ],
    [
      [
        1,
        0
      ],
      5
    ],
    [
      [
        0,
        0
      ],
      5
    ],
    [
      [
        0,
        0
      ],
      0
    ],
    [
      [
        0,
        0
      ],
      4
    ],
    [
      [
        0,
        1
      ],
      0
    ],
    [
      [
        1,
        0
      ],
      0
    ],
    [
      [
        1,
        1
      ],
      5
    ],
    [
      [
        1,
        0
      ],
      8
    ]
  ],
  "relevant_sectors": [
    [
      0,
      1
    ],
    [
      1,
      0
    ],
    [
      1,
      1
    ],
    [
      0,
      0
    ]
  ],
  "relevant_sectors_count": 4,
  "relevant_sectors_total_dim": 36
}