{
  "args": {
    "input_data": "./oo_h4_/OO_H4_linear_d2.5560.chk_20260709_155542_2e5c35.json",
    "states_per_sector": 500,
    "check_if_enough": false,
    "coupled_energy_method": "reference"
  },
  "OO_data": {
    "molpath": "hamiltonians/H4/H4_linear_d2.5560.chk",
    "parity": "hamiltonians/H4/parity_4_sens.txt",
    "seniority": false,
    "reference": "fci",
    "cost_function": "NC",
    "x0": null,
    "fixed_sector": null,
    "optimizer_maxiter": 100,
    "sector_switch_maxiter": 5,
    "verbose": false,
    "outname": null,
    "output_fcidump": null,
    "orbene_npy": null,
    "cost_before": 5.268603631111722,
    "cost_after": 0.027021344138706122,
    "converged": true,
    "nit": 4,
    "nfev": 42,
    "elapsed": 3.7569315433502197,
    "message": "CONVERGENCE: NORM OF PROJECTED GRADIENT <= PGTOL",
    "rotation": [
      -4.261984715982475e-09,
      -0.6774976433787272,
      -2.6297610863590635e-09,
      -4.249994490455249e-09,
      -0.6790123113264569,
      -4.085568006910443e-09
    ]
  },
  "E_FCI": -1.8711680598733103,
  "E_decoupled": -1.8659429970400574,
  "dE": 0.005225062833252858,
  "K": 6,
  "sector_eigenstates": [
    [
      [
        0,
        0,
        0,
        0
      ],
      0
    ],
    [
      [
        1,
        1,
        1,
        1
      ],
      2
    ],
    [
      [
        1,
        0,
        1,
        0
      ],
      1
    ],
    [
      [
        0,
        1,
        0,
        1
      ],
      1
    ],
    [
      [
        1,
        0,
        1,
        0
      ],
      3
    ],
    [
      [
        0,
        1,
        0,
        1
      ],
      3
    ]
  ],
  "relevant_sectors": [
    [
      0,
      1,
      0,
      1
    ],
    [
      1,
      0,
      1,
      0
    ],
    [
      1,
      1,
      1,
      1
    ],
    [
      0,
      0,
      0,
      0
    ]
  ],
  "relevant_sectors_count": 4,
  "relevant_sectors_total_dim": 20
}